address,broker,phone,email,est_value,type,status,next_action,notes
14526 Erwin St Van Nuys CA 91411,William White Peak Commercial,818-432-1513,willwhite@peakcommercial.com,$1.95M,Industrial vacant 867 DOM,Term request sent 2026-09-25,Await reply; if yes request OM + title + zoning,Gmail 1a0db1da6fb06857
6202 Laurel Canyon Blvd North Hollywood CA 91606,Lucrum,info@lucrumre.com,$3.269M,Retail vacant,Term request sent 2026-09-25,Await reply,Gmail 1a0db1dace245f7b
16531 Saticoy St Van Nuys CA 91406,Kelly Betpolice Kidder Mathews,kelly.betpolice@kidder.com,$TBD,Industrial 18200 SF deliver vacant,Term request sent 2026-09-25,Await reply,Gmail 1a0db1db5ea4d1e4
5938-5948 Vineland Ave North Hollywood CA 91601,Gary Mittin,glmittin@gmail.com,$2.8M,Commercial seller finance advertised,Term request sent 2026-09-25,Await reply; confirm vacant delivery option,Gmail 1a0db1dbb2999bbb
14540 Sylvan St Van Nuys CA 91411,Cole Gee / Samuel Luster Major Properties,cole@majorproperties.com; sam@majorproperties.com,$895K,Office seller finance advertised,Not yet contacted,Send term request; confirm occupancy,Crexi 251 DOM
4605 Lankershim Blvd North Hollywood CA 91602,APLA Group,818-432-1513,$3.5M,Vacant commercial HOT,Not yet contacted,Call + email owner-finance pitch,HOT PORTFOLIO
5737 Case Ave Los Angeles CA 91601,Good Energy Vending,201-887-4239,$900K,Same street 0.2mi HOT,Not yet contacted,Priority same-street portfolio with 5645,HOTTEST
2800 N Hollywood Way Burbank CA 91505,Citizens Business Bank,818-295-3200,$15M,REO distressed HOT,Not yet contacted,REO outreach; request terms,REO HOT
1090 N San Fernando Blvd Burbank CA 91504,Comerica Bank,818-846-7023,$12M,Commercial vacant,Not yet contacted,Bank REO outreach,Large
6600 Laurel Canyon Blvd North Hollywood CA 91606,Valley Plaza,via LoopNet,$4.5M,Vacant commercial HOT,Not yet contacted,LoopNet inquiry,HOT
